filename,direction,eeg_1_mean,eeg_1_std_dev,eeg_1_variance,eeg_1_skewness,eeg_1_kurtosis,eeg_1_dominant_freq,eeg_1_mean_freq,eeg_1_median_freq,eeg_1_freq_std,eeg_2_mean,eeg_2_std_dev,eeg_2_variance,eeg_2_skewness,eeg_2_kurtosis,eeg_2_dominant_freq,eeg_2_mean_freq,eeg_2_median_freq,eeg_2_freq_std,eeg_3_mean,eeg_3_std_dev,eeg_3_variance,eeg_3_skewness,eeg_3_kurtosis,eeg_3_dominant_freq,eeg_3_mean_freq,eeg_3_median_freq,eeg_3_freq_std,eeg_4_mean,eeg_4_std_dev,eeg_4_variance,eeg_4_skewness,eeg_4_kurtosis,eeg_4_dominant_freq,eeg_4_mean_freq,eeg_4_median_freq,eeg_4_freq_std
scrolling_down_20_1_brian_cleaned.csv,1,827.0157371748861,70.72288531340507,5001.726507053047,-0.10052232581451469,1.599871590122942,0,2564.330712758423,23.40073840450752,74196.18086266224,800.5415597548792,9.312912837296603,86.73034551508384,0.062203437201164016,1.841062369085516,0,1162.9671895813983,3.0989683217328725,71598.0137609133,824.6233587064875,69.54276904698925,4836.1967267228865,-0.14306150101395534,1.2872348274731404,0,2872.9426110647228,24.95520439732065,73962.56085456703,825.9457739878667,53.69393077012683,2883.0382015471732,-0.6966867236507522,15.869483487697781,0,2184.29949223391,20.498332263306764,73998.52451805866
scrolling_down_20_1_jimmy_cleaned.csv,1,813.6930560181553,22.38822151318611,501.2324625234893,-3.0234148363962596,39.09550661838836,0,1431.2568988181606,1.1127222955407579,72792.3895572513,813.5655008347809,6.250506297940264,39.0688289805909,-0.12032529629228841,0.811106292236043,0,1036.7143392415346,3.659572879376335,72762.2726976708,808.719546318043,5.967331251036693,35.60904225959915,0.03755560018155889,1.1708534299021744,0,1020.6617811302392,3.6593978646942174,72328.84295377925,807.6491977746764,21.71709131618715,471.6320552356114,-3.125761934756759,41.17264893086021,0,1378.8744513185504,4.307505978380452,72251.29136137261
scrolling_down_20_1_mom_cleaned.csv,1,823.4950468044996,42.93297006893946,1843.2399189404516,0.24266748935636684,0.766030644146197,0,2101.9658228047356,23.394167816514948,73725.69804812787,796.4503033752337,110.210927766477,12146.448599147612,0.9604992633625303,10.637965520184583,0,2868.1712228872298,7.047160664313319,71858.17783768802,759.3698749643844,295.0937064586434,87080.29559149999,1.5268990290070539,11.161413777264457,0,6894.842657987282,22.216027032035182,72540.72845778019,813.3693137572723,39.37375772466868,1550.2927973609064,0.21127897046094435,1.0439718448952968,0,2046.014501108409,26.67517316227927,72806.39904049062
